"Playlist Title","Moon Goose Soup #11 (COVERS)"
"DJ Name",PJ
"Playlist Start Date","Apr 9, 2026"
"Playlist Start Time","8:00:00 PM"
"Playlist End Time","9:00:00 PM"

Date,Artist,Song,Release,Label
"Apr 9, 2026","Spencer Zahne, Dave Harrington, & Jeremy Gustin","Music For a Sushi Restaurant","A Visit to Harry's House",Cascine
"Apr 9, 2026","Royel Otis","Murder on the Dance Floor (triple j Like A Version)","Murder on the Dancefloor (triple j Like A Version) - Single","triple j"
"Apr 9, 2026","Foo Fighters","Born On the Bayou","01050525 (B-Sides from ""In Your Honor"") - EP",RCA/Legacy
"Apr 9, 2026",SKEGSS,"Here Comes Your Man (triple j Like A Version)","Here Comes Your Man (triple j Like A Version) - Single","triple j"
"Apr 9, 2026","Tina Turner & David Bowie","Tonight (Live In Europe)","Tina Live In Europe","Parlophone UK"
"Apr 9, 2026","Car Seat Headrest","Running Up That Hill","MADLO: Influences - EP",Matador
"Apr 9, 2026","The Last Shadow Puppets","In the Heat of the Morning","The Age of the Understatement - EP","Domino Recording Co"
"Apr 9, 2026","Los Pink Cheese Green Goes","Como La Flor","Como La Flor - Single","Los Pink Cheese Green Goes"
"Apr 9, 2026",Weezer,Rosanna,"Rosanna - Single","Crush Music/Atlantic"
"Apr 9, 2026","Faye Wong","夢中人 (電影《重慶森林》歌曲)","懷舊經典: 90年代金曲 Vol. 2",
"Apr 9, 2026","Joss Stone","Fell In Love With a Boy","The Soul Sessions","Virgin Records"
"Apr 9, 2026","Grateful Dead","El Paso (Live)","Complete Live Rarities Collection","Grateful Dead/Rhino"
"Apr 9, 2026","The Step Beats","Fade Into You","Fade Into You - Single","13th Cerveza Records"
