"Playlist Title","Moon Goose Soup #6 (Scotland)"
"DJ Name",PJ
"Playlist Start Date","Mar 5, 2026"
"Playlist Start Time","8:00:00 PM"
"Playlist End Time","9:00:00 PM"

Date,Artist,Song,Release,Label
"Mar 5, 2026","The Fratellis","Chelsea Dagger","Costello Music","Universal-Island Records Ltd."
"Mar 5, 2026",Donovan,"Mellow Yellow","Mellow Yellow","Sony Music Entertainment Inc."
"Mar 5, 2026","Bay City Rollers","You Made Me Believe In Magic","It's a Game",Arista
"Mar 5, 2026","The Jesus and Mary Chain",Darklands,Darklands,"Rhino/Warner Records"
"Mar 5, 2026","Bronski Beat","Smalltown Boy","The Age of Consent","Because Music"
"Mar 5, 2026",Eurythmics,"Cool Blue","Touch (2018 Remaster)","Sony Music UK"
"Mar 5, 2026","Cocteau Twins","Those Eyes, That Mouth","Love's Easy Tears - EP",4AD
"Mar 5, 2026","Belle and Sebastian","The Boy With the Arab Strap","The Boy With the Arab Strap","Jeepster Recordings Ltd"
"Mar 5, 2026","The Delgados","Mr Blue Sky","The Complete BBC Peel Sessions","Chemikal Underground Records"
"Mar 5, 2026",Pulp,"Mile End (From 'Trainspotting' Original Motion Picture Soundtrack)","Something Changed EP","UMC (Universal Music Catalogue)"
"Mar 5, 2026","The Proclaimers","Streets of Edinburgh","Angry Cyclist","Cooking Vinyl"
"Mar 5, 2026","Young Fathers",Lowly,"28 Years Later (Original Motion Picture Soundtrack)","Milan Records"
"Mar 5, 2026","The Snuts",Seasons,"Seasons - Single",TSR
