"Playlist Title","Moon Goose Soup #4"
"DJ Name",PJ
"Playlist Start Date","Feb 19, 2026"
"Playlist Start Time","8:00:00 PM"
"Playlist End Time","9:00:00 PM"

Date,Artist,Song,Release,Label
"Feb 19, 2026","Masayoshi Takanaka","Oh! Tengo Suerte",Seychelles,"Universal Music LLC"
"Feb 19, 2026",Goose,"So Ready","Shenanigans Nite Club","No Coincidence Records"
"Feb 19, 2026","The Icicle Works","Whisper to a Scream (Birds Fly) [Single Version]","Dance Vault Mixes: Whisper to a Scream (Birds Fly) - EP",Arista
"Feb 19, 2026","Bob's Burgers & Jari Jones",Seabird,"Bob's Burgers Open Mic Night (From ""Bob's Burgers"") - Single","Hollywood Records"
"Feb 19, 2026","TV Girl","Birds Dont Sing","French Exit","TV Girl"
"Feb 19, 2026","Edwin Birdsong","Cola Bottle Baby","Edwin Birdsong (Expanded Edition)","Philadelphia International/Legacy"
"Feb 19, 2026",Cornershop,"Norwegian Wood (This Bird Has Flown)","When I Was Born for the 7Th Time","Warner Records"
"Feb 19, 2026",Eels,"I Like Birds","Daisies of the Galaxy","[PIAS] Recordings Catalogue"
"Feb 19, 2026","Los Incas","El Condor Pasa","Instrumental Classics","UME - Global Clearing House"
"Feb 19, 2026",Invisible,"Las Golondrinas de Plaza de Mayo","El Jardin de los Presentes",Columbia
"Feb 19, 2026","Department of Eagles","No One Does It Like You","In Ear Park",4AD
"Feb 19, 2026","Bendigo Fletcher",Pterodactyl,"Wingding - EP","Elektra (NEK)"
"Feb 19, 2026","Soft Launch",Dinosaur,"Dinosaur - Single","Parlophone UK"
"Feb 19, 2026","Michael Cera","Clay Pigeons","True That","Michael Cera"
"Feb 19, 2026","Alessi Brothers",Seabird,"The Best of the Alessi Brothers",A&M
"Feb 19, 2026","A Flock of Seagulls","Space Age Love Song (2023 Remaster)","A Flock of Seagulls (Deluxe)",Jive
