"Playlist Title","Moon Goose Soup #8 (Rodents and Mustelids)"
"DJ Name",PJ
"Playlist Start Date","Mar 19, 2026"
"Playlist Start Time","8:00:00 PM"
"Playlist End Time","9:00:00 PM"

Date,Artist,Song,Release,Label
"Mar 19, 2026","The Cecil Holmes Soulful Sounds",Ben,"The Black Motion Picture Experience","Soundtrack Classics"
"Mar 19, 2026",Donovan,"Riki Tiki Tavi","Open Road","Legacy Recordings"
"Mar 19, 2026","The Kinks",Rats,"Lola Versus Powerman and the Moneygoround, Part One","Sanctuary Records"
"Mar 19, 2026",America,"Muskrat Love","America's Greatest Hits: History","Warner Records"
"Mar 19, 2026","Loudon Wainwright III","Dead Skunk","Album III",Columbia
"Mar 19, 2026","Ray Stevens","Mississippi Squirrel Revival","His All - Time Greatest Comic Hits","Curb Records"
"Mar 19, 2026","Charlie Parr","Rocky Raccoon (Feat. Nicholas Mrozinski)","Minnesota Beatle Project, Vol. 3","Vega Productions"
"Mar 19, 2026","The Dead Milkmen","The Woman Who Was Also a Mongoose","Not Richard, But Dick","Hollywood Records"
"Mar 19, 2026","The Smashing Pumpkins","Bullet with Butterfly Wings","The Aeroplane Flies High","SMASHING PUMPKINS - DEAL #1 DIGITAL"
"Mar 19, 2026",Aerosmith,"Rats In The Cellar",Rocks,"Aerosmith P&D - Sony"
"Mar 19, 2026","Rickie Lee Jones","Weasel and the White Boys Cool","Rickie Lee Jones","Warner Records"
"Mar 19, 2026","Suzanne Vega",Rats,"Rats - Single","Cooking Vinyl Limited"
"Mar 19, 2026",Caamp,"The Otter","Lavender Days",Mom+Pop
"Mar 19, 2026","Devendra Banhart",Rats,"What Will We Be","Warner Records"
