"Playlist Title","Moon Goose Soup #30 (Bumbershoot!)"
"DJ Name",PJ
"Playlist Start Date","Sep 3, 2026"
"Playlist Start Time","8:00:00 PM"
"Playlist End Time","9:00:00 PM"

Date,Artist,Song,Release,Label
"Sep 3, 2026","Molchat Doma","На Дне",Этажи,"Sacred Bones Records"
"Sep 3, 2026","De La Soul","Say No Go","3 Feet High and Rising","AOI Records"
"Sep 3, 2026","Lucy Dacus","Planting Tomatoes","Planting Tomatoes - Single","Lucy Dacus, under exclusive license to Geffen Records."
"Sep 3, 2026","Blood Orange","Uncle ACE","Cupid Deluxe","Domino Recording Co"
"Sep 3, 2026",Turnstile,SOLE,"NEVER ENOUGH","Roadrunner Records"
"Sep 3, 2026","Die Spitz","RIDING WITH MY GIRLS","Something To Consume","Third Man Records"
"Sep 3, 2026","Orville Peck","Daytona Sand",Bronco,Columbia
"Sep 3, 2026","PawPaw Rod","Love On You","This Must Be A PawPaw Rod EP - EP",GODMODE
"Sep 3, 2026","Death Cab for Cutie","Black Sun",Kintsugi,"Atlantic Records"
"Sep 3, 2026","Sudan Archives","Nont For Sale","Nont For Sale - Single","Stones Throw Records"
"Sep 3, 2026","Yves Tumor","Gospel For A New Century","Heaven To a Tortured Mind","Warp Records"
"Sep 3, 2026","Racing Mount Pleasant","Reichenbach Falls","Grip Your First, I'm Heaven Bound","Kingfisher recordings"
"Sep 3, 2026","Silvana Estrada",Dime,"Vendrán Suaves Lluvias","Glassnote Music LLC"
"Sep 3, 2026","Blood Orange","Best to You (feat. Empress Of)","Freetown Sound","Domino Recording Co"
