"Playlist Title","Pachanga! #82 (Country Covers of Non-Country Songs)"
"DJ Name",PJ
"Playlist Start Date","Nov 6, 2025"
"Playlist Start Time","11:00:00 AM"
"Playlist End Time","12:00:00 PM"
"Show Description","<p>It's time for a SPACE Pachanga. PJ plays classic pop rock and new wave alongside modern and local indie hits for an hour of upbeat and fun music. Will also occasionally feature themed playlists!</p>"

Date,Artist,Song,Release,Label
"Nov 6, 2025","The Cleverlys","Walk Like an Egyptian","The Cleverlys",
"Nov 6, 2025","Dierks Bentley","American Girl","American Girl - Single","Big Machine Records"
"Nov 6, 2025","Dolly Parton","The House of the Rising Sun","9 to 5 and Odd Jobs","RCA Records Label"
"Nov 6, 2025","Sturgill Simpson","In Bloom","A Sailor's Guide to Earth","Atlantic Records"
"Nov 6, 2025","Sturgill Simpson","The Promise","Metamodern Sounds in Country Music","High Top Mountain Records"
"Nov 6, 2025","Town Mountain","I'm On Fire","Heroes & Heretics","Town Mountain"
"Nov 6, 2025","Patti Smith","Smells Like Teen Spirit (Radio Edit)","Outside Society (Remastered)",Arista/Legacy
"Nov 6, 2025","Dwight Yoakam","Purple Rain","Swimmin' Pools, Movie Stars…","Sugar Hill"
"Nov 6, 2025","Willie Nelson","Time after Time","The Great Divide","Lost Highway Records"
"Nov 6, 2025","Orville Peck","Smalltown Boy","Smalltown Boy - Single",Columbia
"Nov 6, 2025","Love Canon",Africa,"Greatest Hits, Vol. 1","Love Canon"
"Nov 6, 2025","Pickin' On Series","Float On","Pickin' on Modest Mouse","CMH Records"
"Nov 6, 2025","Lainey Wilson","What’s Up (What’s Going On)","Bell Bottom Country","Broken Bow Records"
"Nov 6, 2025","Lukas Nelson","Someone Like You (with The Travelin' McCourys & Sierra Ferrell)","Someone Like You (with The Travelin' McCourys & Sierra Ferrell) - Single","6 Ace Records/Sony Music Nashville"
