"Playlist Title","Pachanga! #79"
"DJ Name",PJ
"Playlist Start Date","Sep 11, 2025"
"Playlist Start Time","11:00:00 AM"
"Playlist End Time","12:00:00 PM"
"Show Description","<p>It's time for a SPACE Pachanga. PJ plays classic pop rock and new wave alongside modern and local indie hits for an hour of upbeat and fun music. Will also occasionally feature themed playlists!</p>"

Date,Artist,Song,Release,Label
"Sep 11, 2025","The Olympians","Pluto's Lament","The Olympians",Daptone
"Sep 11, 2025",Goose,"Empress of Organos","Chain Yer Dragon","No Coincidence Records"
"Sep 11, 2025","Sammy Rae & The Friends","25 or 6 to 4","Songs We Wish We Wrote","Sammy Rae Music LLC"
"Sep 11, 2025","Kurt Vile","hit of the highlife","Classic Love (ep) - EP","Verve Forecast"
"Sep 11, 2025","Luna Luna","Ven y Ven","Ven y Ven - Single","Luna Luna Music LLC"
"Sep 11, 2025","David Bowie","Rock 'N' Roll Suicide (Live)","Cracked Actor (Live Los Angeles '74)","Parlophone UK"
"Sep 11, 2025","David Byrne","Miss America (remixed by Cecco Music)","The Visible Man","Luaka Bop"
"Sep 11, 2025","Jackson Browne","Lawyers In Love","Lawyers In Love","Elektra Records"
"Sep 11, 2025","Grateful Dead","Fire on the Mountain","Shakedown Street","Grateful Dead/Rhino"
"Sep 11, 2025","Quarters of Change",Dead,"Into The Rift","Elektra (NEK)"
"Sep 11, 2025","Jens Lekman","Wedding in Leipzig","Songs for Other People's Weddings","Secretly Canadian"
